-- Police -- 

INSERT INTO `addon_account` (name, label, shared) VALUES
	('society_police', 'Police', 1)
;

INSERT INTO `datastore` (name, label, shared) VALUES
	('society_police', 'Police', 1)
;

INSERT INTO `addon_inventory` (name, label, shared) VALUES
	('society_police', 'Police', 1)
;

INSERT INTO `jobs` (name, label) VALUES
	('police', 'LSPD')
;

INSERT INTO `job_grades` (job_name, grade, name, label, salary, skin_male, skin_female) VALUES
	('police',0,'recruit','Recrue',20,'{}','{}'),
	('police',1,'officer','Officier',40,'{}','{}'),
	('police',2,'sergeant','Sergent',60,'{}','{}'),
	('police',3,'lieutenant','Lieutenant',85,'{}','{}'),
	('police',4,'boss','Commandant',100,'{}','{}')
;

-- Taxi -- 

INSERT INTO `addon_account` (name, label, shared) VALUES
	('society_taxi', 'Taxi', 1)
;

INSERT INTO `datastore` (name, label, shared) VALUES
	('society_taxi', 'Taxi', 1)
;

INSERT INTO `addon_inventory` (name, label, shared) VALUES
	('society_taxi', 'Taxi', 1)
;

INSERT INTO `jobs` (name, label) VALUES
	('taxi', 'Taxi')
;

INSERT INTO `job_grades` (job_name, grade, name, label, salary, skin_male, skin_female) VALUES
	('taxi',0,'recrue','Recrue',12, '{}','{}'),
	('taxi',1,'novice','Novice',24, '{}','{}'),
	('taxi',2,'experimente','Experimente',36, '{}','{}'),
	('taxi',3,'uber','Uber',48,  '{}','{}'),
	('taxi',4,'boss','Patron',0, '{}','{}')
;

-- Unicorn 

SET @job_name = 'unicorn';
SET @society_name = 'society_unicorn';
SET @job_Name_Caps = 'Unicorn';



INSERT INTO `addon_account` (name, label, shared) VALUES
  (@society_name, @job_Name_Caps, 1)
;

INSERT INTO `addon_inventory` (name, label, shared) VALUES
  (@society_name, @job_Name_Caps, 1),
  ('society_unicorn_fridge', 'Unicorn (frigo)', 1)
;

INSERT INTO `datastore` (name, label, shared) VALUES 
    (@society_name, @job_Name_Caps, 1)
;

INSERT INTO `jobs` (name, label, whitelisted) VALUES
  (@job_name, @job_Name_Caps, 1)
;

INSERT INTO `job_grades` (job_name, grade, name, label, salary, skin_male, skin_female) VALUES
  (@job_name, 0, 'barman', 'Barman', 300, '{}', '{}'),
  (@job_name, 1, 'dancer', 'Danseur', 300, '{}', '{}'),
  (@job_name, 2, 'viceboss', 'Co-gérant', 500, '{}', '{}'),
  (@job_name, 3, 'boss', 'Gérant', 600, '{}', '{}')
;

INSERT INTO `items` (`name`, `label`, `limit`) VALUES  
    ('jager', 'Jägermeister', 5),
    ('vodka', 'Vodka', 5),
    ('rhum', 'Rhum', 5),
    ('whisky', 'Whisky', 5),
    ('tequila', 'Tequila', 5),
    ('martini', 'Martini blanc', 5),
    ('soda', 'Soda', 5),
    ('jusfruit', 'Jus de fruits', 5),
    ('icetea', 'Ice Tea', 5),
    ('energy', 'Energy Drink', 5),
    ('drpepper', 'Dr. Pepper', 5),
    ('limonade', 'Limonade', 5),
    ('bolcacahuetes', 'Bol de cacahuètes', 5),
    ('bolnoixcajou', 'Bol de noix de cajou', 5),
    ('bolpistache', 'Bol de pistaches', 5),
    ('bolchips', 'Bol de chips', 5),
    ('saucisson', 'Saucisson', 5),
    ('grapperaisin', 'Grappe de raisin', 5),
    ('jagerbomb', 'Jägerbomb', 5),
    ('golem', 'Golem', 5),
    ('whiskycoca', 'Whisky-coca', 5),
    ('vodkaenergy', 'Vodka-energy', 5),
    ('vodkafruit', 'Vodka-jus de fruits', 5),
    ('rhumfruit', 'Rhum-jus de fruits', 5),
    ('teqpaf', "Teq'paf", 5),
    ('rhumcoca', 'Rhum-coca', 5),
    ('mojito', 'Mojito', 5),
    ('ice', 'Glaçon', 5),
    ('mixapero', 'Mix Apéritif', 3),
    ('metreshooter', 'Mètre de shooter', 3),
    ('jagercerbere', 'Jäger Cerbère', 3),
    ('menthe', 'Feuille de menthe', 10)
;

-- Bahamas



SET @job_name = 'bahamas';
SET @society_name = 'society_bahamas';
SET @job_Name_Caps = 'Unicorn';



INSERT INTO `addon_account` (name, label, shared) VALUES
  (@society_name, @job_Name_Caps, 1)
;

INSERT INTO `addon_inventory` (name, label, shared) VALUES
  (@society_name, @job_Name_Caps, 1),
  ('society_bahamas_fridge', 'Bahamas (frigo)', 1)
;

INSERT INTO `datastore` (name, label, shared) VALUES 
    (@society_name, @job_Name_Caps, 1)
;

INSERT INTO `jobs` (name, label, whitelisted) VALUES
  (@job_name, @job_Name_Caps, 1)
;

INSERT INTO `job_grades` (job_name, grade, name, label, salary, skin_male, skin_female) VALUES
  (@job_name, 0, 'barman', 'Barman', 300, '{}', '{}'),
  (@job_name, 1, 'dancer', 'Danseur', 300, '{}', '{}'),
  (@job_name, 2, 'viceboss', 'Co-gérant', 500, '{}', '{}'),
  (@job_name, 3, 'boss', 'Gérant', 600, '{}', '{}')
;


--  FBI -- 



INSERT INTO `jobs`(`name`, `label`, `whitelisted`) VALUES
    ('fbi', 'FBI', 1)
;
INSERT INTO `job_grades` (job_name, grade, name, label, salary, skin_male, skin_female) VALUES
    ('fbi',0,'recruit','Recrue', 1600,'{}','{}')
    ('fbi',1,'boss','Boss', 1600,'{}','{}')
;


-- Vigneron --


INSERT INTO `addon_account` (`name`, `label`, `shared`) VALUES
	('society_vigne','Vigneron',1)
;

INSERT INTO `addon_inventory` (`name`, `label`, `shared`) VALUES
	('society_vigne','Vigneron', 1)
;
INSERT INTO `datastore` (`name`, `label`, `shared`) VALUES
	('society_vigne', 'Vigneron', 1)
;

INSERT INTO `jobs`(`name`, `label`, `whitelisted`) VALUES
	('vigne', 'Vigneron', 1)
;

INSERT INTO `job_grades` (job_name, grade, name, label, salary, skin_male, skin_female) VALUES
	('vigne',0,'recrue','Intérimaire', 500, '{"tshirt_1":59,"tshirt_2":0,"torso_1":12,"torso_2":5,"shoes_1":7,"shoes_2":2,"pants_1":9, "pants_2":7, "arms":1, "helmet_1":11, "helmet_2":0,"bags_1":0,"bags_2":0,"ears_1":0,"glasses_1":0,"ears_2":0,"glasses_2":0}','{"tshirt_1":0,"tshirt_2":0,"torso_1":56,"torso_2":0,"shoes_1":27,"shoes_2":0,"pants_1":36, "pants_2":0, "arms":63, "helmet_1":11, "helmet_2":0,"bags_1":0,"bags_2":0,"ears_1":0,"glasses_1":0,"ears_2":0,"glasses_2":0}'),
	('vigne',1,'novice','Vigneron', 750, '{"tshirt_1":57,"tshirt_2":0,"torso_1":13,"torso_2":5,"shoes_1":7,"shoes_2":2,"pants_1":9, "pants_2":7, "arms":11, "helmet_1":11, "helmet_2":0,"bags_1":0,"bags_2":0,"ears_1":0,"glasses_1":0,"ears_2":0,"glasses_2":0}','{"tshirt_1":0,"tshirt_2":0,"torso_1":56,"torso_2":0,"shoes_1":27,"shoes_2":0,"pants_1":36, "pants_2":0, "arms":63, "helmet_1":11, "helmet_2":0,"bags_1":0,"bags_2":0,"ears_1":0,"glasses_1":0,"ears_2":0,"glasses_2":0}'),
	('vigne',2,'cdisenior','Chef de chai', 1200, '{"tshirt_1":57,"tshirt_2":0,"torso_1":13,"torso_2":5,"shoes_1":7,"shoes_2":2,"pants_1":9, "pants_2":7, "arms":11, "helmet_1":11, "helmet_2":0,"bags_1":0,"bags_2":0,"ears_1":0,"glasses_1":0,"ears_2":0,"glasses_2":0}','{"tshirt_1":0,"tshirt_2":0,"torso_1":56,"torso_2":0,"shoes_1":27,"shoes_2":0,"pants_1":36, "pants_2":0, "arms":63, "helmet_1":11, "helmet_2":0,"bags_1":0,"bags_2":0,"ears_1":0,"glasses_1":0,"ears_2":0,"glasses_2":0}'),
	('vigne',3,'boss','Patron', 1600,'{"tshirt_1":57,"tshirt_2":0,"torso_1":13,"torso_2":5,"shoes_1":7,"shoes_2":2,"pants_1":9, "pants_2":7, "arms":11, "helmet_1":11, "helmet_2":0,"bags_1":0,"bags_2":0,"ears_1":0,"glasses_1":0,"ears_2":0,"glasses_2":0}','{"tshirt_1":15,"tshirt_2":0,"torso_1":14,"torso_2":15,"shoes_1":12,"shoes_2":0,"pants_1":9, "pants_2":5, "arms":1, "helmet_1":11, "helmet_2":0,"bags_1":0,"bags_2":0,"ears_1":0,"glasses_1":0,"ears_2":0,"glasses_2":0}')
;


INSERT INTO `items` (`name`, `label`) VALUES
	('raisin', 'Raisin'),
	('jus_raisin', 'Jus de raisin'),
	('grand_cru', 'Grand cru'),
	('vine', 'Vin')
;